{
  "accuracy": 0.9102564102564102,
  "precision": 0.8847926267281107,
  "recall": 0.9846153846153847,
  "f1": 0.9320388349514563,
  "roc_auc": 0.980002191540653,
  "threshold": 0.05
}